,Continent,Year,energy_intensity,carbon_intensity
0,Africa,2000,1.4988961478825162,0.2875890118723224
1,Africa,2001,1.449357488618117,0.2785959744393442
2,Africa,2002,1.3775598459988407,0.2586170465858782
3,Africa,2003,1.3533651137049025,0.27135223655374546
4,Africa,2004,1.323433837066256,0.272939572564417
5,Africa,2005,1.2451574040705375,0.27022546166120487
6,Africa,2006,1.1717356320644785,0.2709201093324264
7,Africa,2007,1.1060166644348395,0.2695238123970726
8,Africa,2008,1.0933384931364323,0.25833379794115935
9,Africa,2009,1.0278955046597262,0.2781816514565898
10,Africa,2010,0.9872331281587693,0.2878606848924808
11,Africa,2011,0.9852189689620718,0.27283513257153175
12,Africa,2012,0.9657403577788097,0.2622755688525236
13,Africa,2013,0.9750300759757422,0.24832882409517715
14,Africa,2014,0.9689489379091202,0.25087339982865964
15,Africa,2015,0.9403667323116679,0.24749091693138323
16,Africa,2016,0.9499039190747351,0.2485502927540689
17,Africa,2017,0.9350349414594337,0.24839942154189665
18,Africa,2018,0.9188402953178243,0.24000325490566768
19,Africa,2019,0.9172074060234251,0.2506979126644654
20,Africa,2020,0.8927170690382517,0.2442604821198674
21,Africa,2021,0.8828046024197891,0.24972085897921112
22,Africa,2022,0.8058100581058758,0.24259801504072825
23,Africa,2023,0.7859439720356433,0.24099754190263545
24,Africa,2024,0.7665676556968504,0.2394076274423015
25,Africa,2025,0.7476690345223688,0.23782820200177757
26,Africa,2026,0.7292363316261217,0.23625919638266377
27,Africa,2027,0.7112580604642076,0.23470054184307748
28,Africa,2028,0.6937230176769009,0.23315217009464165
29,Africa,2029,0.6766202761071748,0.2316140132994928
30,Africa,2030,0.6599391779913165,0.23008600406730895
31,Africa,2031,0.643669328317423,0.22856807545235708
32,Africa,2032,0.6278005883476295,0.22706016095056014
33,Africa,2033,0.6123230693000602,0.22556219449658318
34,Africa,2034,0.5972271261864963,0.2240741104609391
35,Africa,2035,0.5825033518020126,0.2225958436471131
36,Africa,2036,0.568142570862769,0.22112732928870624
37,Africa,2037,0.5541358342883292,0.21966850304659802
38,Africa,2038,0.540474413624943,0.2182193010061274
39,Africa,2039,0.5271497956063084,0.21677965967429266
40,Africa,2040,0.5141536768484504,0.2153495159769695
41,Africa,2041,0.5014779586753523,0.21392880725614769
42,Africa,2042,0.48911474207219086,0.21251747126718576
43,Africa,2043,0.47705632276297316,0.2111154461760842
44,Africa,2044,0.4652951864095316,0.20972267055677593
45,Africa,2045,0.4538240039288772,0.20833908338843551
46,Africa,2046,0.44263562692601277,0.20696462405280536
47,Africa,2047,0.4317230832393117,0.2055992323315401
48,Africa,2048,0.4210795725957508,0.20424284840356818
49,Africa,2049,0.41069846237324126,0.20289541284247098
50,Africa,2050,0.4005732834674364,0.20155686661387914
51,Africa,2051,0.3906977262604374,0.20022715107288633
52,Africa,2052,0.3810656366888819,0.19890620796147954
53,Africa,2053,0.37167101240898165,0.197593979405987
54,Africa,2054,0.3625079990560791,0.1962904079145424
55,Africa,2055,0.35357088659644587,0.19499543637456598
56,Africa,2056,0.34485410576900855,0.1937090080502626
57,Africa,2057,0.3363522246148023,0.19243106658013553
58,Africa,2058,0.32805994509198233,0.19116155597451762
59,Africa,2059,0.3199720997742998,0.1899004206131179
60,Africa,2060,0.3120836486309485,0.1886476052425849
61,Africa,2061,0.304389675885823,0.18740305497408577
62,Africa,2062,0.2968853869541956,0.18616671528090153
63,Africa,2063,0.28956610545491773,0.18493853199603816
64,Africa,2064,0.2824272702962809,0.18371845130985331
65,Africa,2065,0.2754644328337196,0.1825064197676988
66,Africa,2066,0.26867325409759685,0.18130238426757875
67,Africa,2067,0.2620495020893152,0.18010629205782294
68,Africa,2068,0.25558904914410774,0.17891809073477563
69,Africa,2069,0.24928786935883557,0.1777377282404997
70,Africa,2070,0.24314203608320176,0.17656515286049584
71,Africa,2071,0.23714771947281368,0.17540031322143684
72,Africa,2072,0.23130118410257972,0.17424315828891668
73,Africa,2073,0.22559878663892732,0.1730936373652148
74,Africa,2074,0.2200369735694259,0.17195170008707467
75,Africa,2075,0.21461227898837446,0.17081729642349747
76,Africa,2076,0.20932132243698376,0.16969037667355003
77,Africa,2077,0.20416080679680443,0.16857089146418722
78,Africa,2078,0.19912751623509672,0.16745879174808898
79,Africa,2079,0.1942183142008398,0.1663540288015113
80,Africa,2080,0.18943014147016088,0.16525655422215152
81,Africa,2081,0.18476001423994445,0.16416631992702785
82,Africa,2082,0.18020502226844207,0.16308327815037255
83,Africa,2083,0.17576232706172293,0.1620073814415393
84,Africa,2084,0.17142916010483353,0.16093858266292438
85,Africa,2085,0.16720282113657156,0.15987683498790117
86,Africa,2086,0.1630806764667809,0.1588220918987688
87,Africa,2087,0.15906015733514314,0.1577743071847141
88,Africa,2088,0.1551387583104247,0.15673343493978684
89,Africa,2089,0.15131403572918964,0.1556994295608886
90,Africa,2090,0.1475836061730023,0.1546722457457748
91,Africa,2091,0.14394514498317817,0.15365183849106948
92,Africa,2092,0.14039638481214023,0.15263816309029488
93,Africa,2093,0.1369351142105005,0.151631175131911
94,Africa,2094,0.13355917624896974,0.1506308304973709
95,Africa,2095,0.1302664671742429,0.14963708535918752
96,Africa,2096,0.12705493509802088,0.14864989617901359
97,Africa,2097,0.1239225787183572,0.14766921970573388
98,Africa,2098,0.12086744607251898,0.1466950129735705
99,Africa,2099,0.11788763332060324,0.1457272333002003
100,Africa,2100,0.11498128355913699,0.14476583828488493
101,Asia,2000,1.6987440167237742,0.2505512262013073
102,Asia,2001,1.692902428577842,0.2486591639566131
103,Asia,2002,1.6926010408364014,0.24939159915753828
104,Asia,2003,1.727254950130691,0.25159188326133425
105,Asia,2004,1.770965221875303,0.24331636210691165
106,Asia,2005,1.7824561206679899,0.2423382941830346
107,Asia,2006,1.7518640088603221,0.24421358435894167
108,Asia,2007,1.7327078180163784,0.2433638124235621
109,Asia,2008,1.7163146246929346,0.24579276550014595
110,Asia,2009,1.693658940045561,0.25038520746329507
111,Asia,2010,1.663279843215162,0.25280360978806876
112,Asia,2011,1.6531629187718009,0.25807493814171417
113,Asia,2012,1.6233698194680268,0.2601191229621101
114,Asia,2013,1.5813860234406185,0.25733570542373596
115,Asia,2014,1.5418522396364447,0.2551895927816737
116,Asia,2015,1.4924617996299032,0.2543515626522716
117,Asia,2016,1.4358447312555704,0.2552976771480366
118,Asia,2017,1.4161562661335851,0.25156372962366336
119,Asia,2018,1.3967635679526722,0.25010489111912215
120,Asia,2019,1.383682606876066,0.24898712632458134
121,Asia,2020,1.395932628641634,0.24762761326151206
122,Asia,2021,1.3750042265212314,0.24719601654724527
123,Asia,2022,1.375051336578608,0.24596003646450904
124,Asia,2023,1.357459781254206,0.24473023628218651
125,Asia,2024,1.3400932813953703,0.24350658510077558
126,Asia,2025,1.3229489577818365,0.24228905217527166
127,Asia,2026,1.3060239680283003,0.2410776069143953
128,Asia,2027,1.2893155061131758,0.23987221887982335
129,Asia,2028,1.272820801913379,0.23867285778542421
130,Asia,2029,1.256537120745066,0.2374794934964971
131,Asia,2030,1.240461762910244,0.2362920960290146
132,Asia,2031,1.2245920632491845,0.23511063554886955
133,Asia,2032,1.2089253906985629,0.23393508237112517
134,Asia,2033,1.1934591478552492,0.23276540695926956
135,Asia,2034,1.1781907705456802,0.23160157992447322
136,Asia,2035,1.1631177274007423,0.23044357202485086
137,Asia,2036,1.1482375194360857,0.2292913541647266
138,Asia,2037,1.1335476796378323,0.22814489739390295
139,Asia,2038,1.119045772553539,0.22700417290693345
140,Asia,2039,1.1047293938884373,0.22586915204239877
141,Asia,2040,1.090596170106817,0.22473980628218676
142,Asia,2041,1.0766437580385144,0.22361610725077585
143,Asia,2042,1.0628698444904336,0.22249802671452198
144,Asia,2043,1.0492721458630392,0.22138553658094937
145,Asia,2044,1.0358484077717534,0.2202786088980446
146,Asia,2045,1.0225964046731995,0.2191772158535544
147,Asia,2046,1.009513939496224,0.2180813297742866
148,Asia,2047,0.9965988432776419,0.21699092312541518
149,Asia,2048,0.9838489748026394,0.2159059685097881
150,Asia,2049,0.9712622202497796,0.21482643866723916
151,Asia,2050,0.9588364928405478,0.21375230647390295
152,Asia,2051,0.9465697324933819,0.21268354494153346
153,Asia,2052,0.9344599054821271,0.2116201272168258
154,Asia,2053,0.9225050040988619,0.21056202658074166
155,Asia,2054,0.9107030463210367,0.20950921644783796
156,Asia,2055,0.8990520754828712,0.20846167036559876
157,Asia,2056,0.8875501599509552,0.20741936201377073
158,Asia,2057,0.8761953928040005,0.2063822652037019
159,Asia,2058,0.8649858915166887,0.20535035387768338
160,Asia,2059,0.8539197976475649,0.20432360210829495
161,Asia,2060,0.8429952765309233,0.2033019840977535
162,Asia,2061,0.832210516972632,0.20228547417726472
163,Asia,2062,0.8215637309498643,0.20127404680637842
164,Asia,2063,0.8110531533146413,0.2002676765723465
165,Asia,2064,0.8006770415011973,0.19926633818948478
166,Asia,2065,0.7904336752370742,0.19827000649853735
167,Asia,2066,0.7803213562579141,0.19727865646604464
168,Asia,2067,0.7703384080259019,0.19629226318371443
169,Asia,2068,0.760483175451809,0.19531080186779587
170,Asia,2069,0.7507540246205938,0.1943342478584569
171,Asia,2070,0.7411493425205117,0.1933625766191646
172,Asia,2071,0.7316675367756915,0.1923957637360688
173,Asia,2072,0.722307035382133,0.19143378491738844
174,Asia,2073,0.7130662864470818,0.19047661599280147
175,Asia,2074,0.7039437579317382,0.1895242329128375
176,Asia,2075,0.6949379373972584,0.18857661174827328
177,Asia,2076,0.6860473317540045,0.18763372868953193
178,Asia,2077,0.6772704670140027,0.18669556004608426
179,Asia,2078,0.6686058880465693,0.18576208224585383
180,Asia,2079,0.6600521583370605,0.18483327183462459
181,Asia,2080,0.6516078597487122,0.18390910547545145
182,Asia,2081,0.6432715922875232,0.1829895599480742
183,Asia,2082,0.6350419738701492,0.18207461214833384
184,Asia,2083,0.6269176400947639,0.18116423908759216
185,Asia,2084,0.6188972440148536,0.1802584178921542
186,Asia,2085,0.6109794559159037,0.17935712580269342
187,Asia,2086,0.603162963094942,0.17846034017367995
188,Asia,2087,0.5954464696429113,0.17756803847281155
189,Asia,2088,0.5878286962298063,0.1766801982804475
190,Asia,2089,0.5803083798925793,0.17579679728904526
191,Asia,2090,0.5728842738257505,0.1749178133026
192,Asia,2091,0.5655551471746967,0.174043224236087
193,Asia,2092,0.5583197848315866,0.17317300811490657
194,Asia,2093,0.5511769872339265,0.17230714307433206
195,Asia,2094,0.544125570165682,0.1714456073589604
196,Asia,2095,0.5371643645609455,0.17058837932216558
197,Asia,2096,0.5302922163101148,0.16973543742555475
198,Asia,2097,0.5235079860685512,0.16888676023842697
199,Asia,2098,0.5168105490676856,0.16804232643723485
200,Asia,2099,0.5101987949285419,0.16720211480504868
201,Asia,2100,0.5036716274776447,0.16636610423102344
202,Europe,2000,1.9274732361605809,0.19810503022905027
203,Europe,2001,1.8864569835228027,0.19860134488879005
204,Europe,2002,1.8254743082016645,0.19938359943843384
205,Europe,2003,1.7987300852642534,0.19998500722051082
206,Europe,2004,1.7435192413662297,0.19836605078586445
207,Europe,2005,1.685401497645596,0.19825219197582133
208,Europe,2006,1.635274299776498,0.1988902797401443
209,Europe,2007,1.5453620193330313,0.19899950823428672
210,Europe,2008,1.5042782658180778,0.19715680017497123
211,Europe,2009,1.4729294175446634,0.19213673384362076
212,Europe,2010,1.4796961841616079,0.19137549367601872
213,Europe,2011,1.4173098421039951,0.19112364992714845
214,Europe,2012,1.4104696671989823,0.19039392485585668
215,Europe,2013,1.3876288008685644,0.1870421964922514
216,Europe,2014,1.3246045663588986,0.1850911284060986
217,Europe,2015,1.3055652334611323,0.18512705155998146
218,Europe,2016,1.29856387786597,0.18215465896412564
219,Europe,2017,1.2745184094590203,0.18090219336140714
220,Europe,2018,1.2598039081794312,0.17807859285652933
221,Europe,2019,1.2181504948311201,0.17448634732600163
222,Europe,2020,1.2100043211040235,0.17188941165992058
223,Europe,2021,1.196266749469832,0.17444657649247186
224,Europe,2022,1.127632261844697,0.1740819620595228
225,Europe,2023,1.1016419216609425,0.17280906890197267
226,Europe,2024,1.0762506223220765,0.17154548318197338
227,Europe,2025,1.051444556777821,0.17029113684322805
228,Europe,2026,1.0272102362110116,0.16904596232707106
229,Europe,2027,1.003534482702778,0.16780989256882678
230,Europe,2028,0.9804044220667749,0.16658286099419992
231,Europe,2029,0.9578074768485743,0.1653648015156875
232,Europe,2030,0.9357313594864107,0.16415564852902148
233,Europe,2031,0.9141640656295632,0.16295533690963443
234,Europe,2032,0.8930938676107381,0.16176380200915103
235,Europe,2033,0.8725093080689104,0.16058097965190823
236,Europe,2034,0.8523991937191197,0.15940680613149652
237,Europe,2035,0.8327525892659244,0.1582412182073308
238,Europe,2036,0.8135588114570814,0.15708415310124227
239,Europe,2037,0.7948074232743096,0.15593554849409888
240,Europe,2038,0.7764882282579436,0.1547953425224483
241,Europe,2039,0.7585912649623953,0.153663473775185
242,Europe,2040,0.7411068015394087,0.15253988129024454
243,Europe,2041,0.7240253304461649,0.15142450455131815
244,Europe,2042,0.7073375632753562,0.15031728348459505
245,Europe,2043,0.691034425704425,0.14921815845552633
246,Europe,2044,0.6751070525611915,0.14812707026561192
247,Europe,2045,0.659546783003261,0.14704396014921442
248,Europe,2046,0.6443451558084888,0.14596876977039153
249,Europe,2047,0.6294939047740196,0.14490144121975648
250,Europe,2048,0.614984954221366,0.1438419170113568
251,Europe,2049,0.6008104146050899,0.14279014007958002
252,Europe,2050,0.5869625782226965,0.1417460537760793
253,Europe,2051,0.5734339150234105,0.14070960186672174
254,Europe,2052,0.5602170685135527,0.13968072852856125
255,Europe,2053,0.5473048517562934,0.13865937834683004
256,Europe,2054,0.5346902434636083,0.13764549631195588
257,Europe,2055,0.5223663841782913,0.13663902781659754
258,Europe,2056,0.5103265725440038,0.13563991865270508
259,Europe,2057,0.49856426166125717,0.13464811500859974
260,Europe,2058,0.4870730555274024,0.1336635634660748
261,Europe,2059,0.4758467055586701,0.13268621099752026
262,Europe,2060,0.46487910719237246,0.13171600496306482
263,Europe,2061,0.45416429656741936,0.13075289310774235
264,Europe,2062,0.4436964472813442,0.12979682355867683
265,Europe,2063,0.43346986722207564,0.12884774482228775
266,Europe,2064,0.4234789954727356,0.12790560578151836
267,Europe,2065,0.41371839928776216,0.12697035569308054
268,Europe,2066,0.4041827711387589,0.12604194418472375
269,Europe,2067,0.3948669258284029,0.12512032125252018
270,Europe,2068,0.3857657976708883,0.12420543725817303
271,Europe,2069,0.3768744377373538,0.1232972429263424
272,Europe,2070,0.36818801116479893,0.12239568934199073
273,Europe,2071,0.359701794527026,0.12150072794774965
274,Europe,2072,0.35141117326617854,0.12061231054130309
275,Europe,2073,0.34331163918347873,0.11973038927279278
276,Europe,2074,0.3353987879878024,0.11885491664223936
277,Europe,2075,0.32766831690074416,0.11798584549698557
278,Europe,2076,0.3201160223169057,0.11712312902915593
279,Europe,2077,0.3127377975180882,0.11626672077313516
280,Europe,2078,0.30552963044018044,0.11541657460306685
281,Europe,2079,0.298487601491515,0.11457264473036767
282,Europe,2080,0.2916078814215085,0.11373488570126271
283,Europe,2081,0.28488672923842645,0.11290325239433582
284,Europe,2082,0.2783204901751406,0.11207770001810073
285,Europe,2083,0.2719055937017727,0.11125818410858807
286,Europe,2084,0.26563855158414656,0.11044466052694983
287,Europe,2085,0.2595159559869795,0.10963708545708362
288,Europe,2086,0.2535344776208126,0.10883541540327102
289,Europe,2087,0.247690863931632,0.10803960718783638
290,Europe,2088,0.24198193733222642,0.10724961794882065
291,Europe,2089,0.23640459347430778,0.1064654051376723
292,Europe,2090,0.2309557995604569,0.10568692651695699
293,Europe,2091,0.22563259269497632,0.10491414015808118
294,Europe,2092,0.22043207827275385,0.10414700443903532
295,Europe,2093,0.2153514284052604,0.10338547804215073
296,Europe,2094,0.21038788038282805,0.10262951995187539
297,Europe,2095,0.20553873517236274,0.1018790894525644
298,Europe,2096,0.20080135594969764,0.10113414612628648
299,Europe,2097,0.19617316666575876,0.10039464985064836
300,Europe,2098,0.19165165064578596,0.09966056079663232
301,Europe,2099,0.1872343492208383,0.09893183942645248
302,Europe,2100,0.1829188603908414,0.09820844649142386
303,North America,2000,2.065291117295831,0.21942121688941785
304,North America,2001,1.9982879601604722,0.22159531114207573
305,North America,2002,1.9941679768417926,0.21953036480045574
306,North America,2003,1.9502152128626882,0.22220197003308703
307,North America,2004,1.9174282728798082,0.22044769541599168
308,North America,2005,1.867324885413096,0.22014276163136096
309,North America,2006,1.8023043288354956,0.2194919834307043
310,North America,2007,1.7934627368725387,0.21898194697847448
311,North America,2008,1.7579566493001042,0.21583638275324998
312,North America,2009,1.7260175763448098,0.21081898829866597
313,North America,2010,1.7247080262559156,0.2111691953495661
314,North America,2011,1.6901272287540472,0.20859589848703744
315,North America,2012,1.6199316938624435,0.20707885807924367
316,North America,2013,1.627241423150757,0.2064962881638375
317,North America,2014,1.601667606100439,0.2058673385462048
318,North America,2015,1.5499204635093342,0.2028713329010895
319,North America,2016,1.5211972271605845,0.19889412262394726
320,North America,2017,1.4969669406566062,0.19584443404688268
321,North America,2018,1.499184325683587,0.19545841843096542
322,North America,2019,1.4590211552175865,0.1937078692874105
323,North America,2020,1.4021765939008497,0.1880620536113963
324,North America,2021,1.3900066524074586,0.1902942128555808
325,North America,2022,1.3689902265058767,0.19005959682259765
326,North America,2023,1.3440793224678191,0.18853725923157694
327,North America,2024,1.3196217110303703,0.18702711524603463
328,North America,2025,1.2956091438304347,0.18552906719774293
329,North America,2026,1.272033522596698,0.18404301820077615
330,North America,2027,1.248886896418447,0.18256887214524462
331,North America,2028,1.2261614590641683,0.18110653369107868
332,North America,2029,1.2038495463488494,0.17965590826186276
333,North America,2030,1.18194363354924,0.17821690203871854
334,North America,2031,1.1604363328660945,0.17678942195423727
335,North America,2032,1.1393203909326772,0.17537337568646072
336,North America,2033,1.1185886863685293,0.17396867165291016
337,North America,2034,1.0982342273777481,0.1725752190046634
338,North America,2035,1.078250149391045,0.17119292762047905
339,North America,2036,1.058629712750626,0.16982170810096803
340,North America,2037,1.039366300437248,0.16846147176281165
341,North America,2038,1.0204534158385925,0.16711213063302605
342,North America,2039,1.0018846805583164,0.16577359744327252
343,North America,2040,0.9836538322649074,0.16444578562421355
344,North America,2041,0.9657547225796838,0.16312860929991385
345,North America,2042,0.9481813150032862,0.16182198328228642
346,North America,2043,0.9309276828798397,0.16052582306558297
347,North America,2044,0.9139880073981608,0.1592400448209286
348,North America,2045,0.897356575629395,0.15796456539090017
349,North America,2046,0.8810277786002978,0.15669930228414805
350,North America,2047,0.8649961094016129,0.15544417367006108
351,North America,2048,0.849256161330835,0.15419909837347417
352,North America,2049,0.8338026260688294,0.1529639958694183
353,North America,2050,0.8186302918895746,0.15173878627791262
354,North America,2051,0.8037340419024834,0.1505233903587982
355,North America,2052,0.7891088523267604,0.14931772950661312
356,North America,2053,0.7747497907971004,0.14812172574550891
357,North America,2054,0.7606520147002533,0.1469353017242072
358,North America,2055,0.7468107695418249,0.14575838071099723
359,North America,2056,0.7332213873428487,0.14459088658877317
360,North America,2057,0.7198792850654876,0.14343274385011126
361,North America,2058,0.706779963067383,0.14228387759238645
362,North America,2059,0.6939190035841748,0.14114421351292794
363,North America,2060,0.6812920692395886,0.1400136779042139
364,North America,2061,0.6688949015826355,0.13889219764910424
365,North America,2062,0.6567233196514728,0.13777970021611183
366,North America,2063,0.6447732185633491,0.1366761136547117
367,North America,2064,0.6330405681302365,0.13558136659068737
368,North America,2065,0.6215214114996263,0.134495388221515
369,North America,2066,0.6102118638201018,0.1334181083117841
370,North America,2067,0.5991081109311535,0.13234945718865518
371,North America,2068,0.5882064080768348,0.13128936573735353
372,North America,2069,0.5775030786428643,0.13023776539669937
373,North America,2070,0.5669945129166656,0.12919458815467358
374,North America,2071,0.5566771668699942,0.12815976654401912
375,North America,2072,0.5465475609636938,0.12713323363787754
376,North America,2073,0.5366022789742407,0.12611492304546054
377,North America,2074,0.5268379668416057,0.12510476890775607
378,North America,2075,0.5172513315380809,0.12410270589326908
379,North America,2076,0.5078391399577254,0.12310866919379605
380,North America,2077,0.49859821782597996,0.12212259452023363
381,North America,2078,0.4895254486291459,0.1211444180984203
382,North America,2079,0.4806177725633226,0.12017407666501352
383,North America,2080,0.4718721855025058,0.1192115074633956
384,North America,2081,0.46328573798543077,0.11825664823961661
385,North America,2082,0.4548555342208529,0.11730943723836779
386,North America,2083,0.44657873111095814,0.11636981319898744
387,North America,2084,0.438452537292514,0.11543771535149894
388,North America,2085,0.4304742121954692,0.11451308341268047
389,North America,2086,0.4226410651187119,0.11359585758216621
390,North America,2087,0.41495045432261396,0.11268597853857874
391,North America,2088,0.40739978613810696,0.11178338743569245
392,North America,2089,0.39998651409195196,0.11088802589862772
393,North America,2090,0.39270813804795557,0.10999983602007544
394,North America,2091,0.38556220336378644,0.10911876035655196
395,North America,2092,0.3785463000631359,0.10824474192468393
396,North America,2093,0.37165806202296636,0.10737772419752284
397,North America,2094,0.3648951661755223,0.10651765110088926
398,North America,2095,0.35825533172487767,0.10566446700974616
399,North America,2096,0.3517363193777242,0.10481811674460145
400,North America,2097,0.34533593058818174,0.10397854556793919
401,North America,2098,0.3390520068163282,0.1031456991806795
402,North America,2099,0.33288242880022145,0.10231952371866677
403,North America,2100,0.32682511584119034,0.10149996574918602
404,Oceania,2000,1.9248526140000126,0.251712740089194
405,Oceania,2001,1.8781972541492014,0.2565573045080536
406,Oceania,2002,1.8331724663480498,0.2544087267610171
407,Oceania,2003,1.7794056125361575,0.2570604753222331
408,Oceania,2004,1.7553189277472176,0.257287554545239
409,Oceania,2005,1.6943547432583868,0.2596754614197878
410,Oceania,2006,1.7051570300015042,0.2533756025534069
411,Oceania,2007,1.6568212950370802,0.2516935006251941
412,Oceania,2008,1.6405419508023837,0.25176997651431016
413,Oceania,2009,1.5811841286332853,0.2552568254820554
414,Oceania,2010,1.538314496849557,0.2540256718698116
415,Oceania,2011,1.5381192751267188,0.24551422440778872
416,Oceania,2012,1.4668872951182672,0.2510194242268152
417,Oceania,2013,1.4524374034385448,0.24358132913407005
418,Oceania,2014,1.4320823053518466,0.23771844474604734
419,Oceania,2015,1.425136416899118,0.2376253459460928
420,Oceania,2016,1.3919081850042938,0.24058986874494448
421,Oceania,2017,1.3562623776661116,0.24338692744098
422,Oceania,2018,1.3325983059593929,0.24101575661965097
423,Oceania,2019,1.3468546893862114,0.2337957374207056
424,Oceania,2020,1.2872664601489774,0.23784074706409156
425,Oceania,2021,1.222193387362535,0.23212056829601538
426,Oceania,2022,1.2277394493194018,0.23441919154736018
427,Oceania,2023,1.2035243426461517,0.23331878920261626
428,Oceania,2024,1.1797868384410084,0.2322235523279532
429,Oceania,2025,1.1565175167943085,0.23113345667580257
430,Oceania,2026,1.1337071435883397,0.23004847811241802
431,Oceania,2027,1.1113466668329128,0.228968592617341
432,Oceania,2028,1.0894272130732023,0.22789377628286894
433,Oceania,2029,1.0679400838684405,0.22682400531352598
434,Oceania,2030,1.04687675234003,0.2257592560255361
435,Oceania,2031,1.0262288597878104,0.22469950484629891
436,Oceania,2032,1.005988212372991,0.22364472831386764
437,Oceania,2033,0.9861467778665439,0.2225949030764298
438,Oceania,2034,0.9666966824617267,0.22155000589179008
439,Oceania,2035,0.9476302076494427,0.22051001362685602
440,Oceania,2036,0.9289397871552947,0.21947490325712554
441,Oceania,2037,0.910618003936983,0.21844465186617748
442,Oceania,2038,0.8926575872409588,0.2174192366451641
443,Oceania,2039,0.8750514097171234,0.21639863489230618
444,Oceania,2040,0.8577924845904409,0.21538282401238998
445,Oceania,2041,0.8408739628883064,0.2143717815162686
446,Oceania,2042,0.8242891307226595,0.2133654850203617
447,Oceania,2043,0.808031406625644,0.21236391224616163
448,Oceania,2044,0.7920943389378461,0.21136704101973963
449,Oceania,2045,0.7764716032480408,0.2103748492712551
450,Oceania,2046,0.7611569998834394,0.20938731503446686
451,Oceania,2047,0.746144451449411,0.2084044164462469
452,Oceania,2048,0.7314280004177826,0.2074261317460964
453,Oceania,2049,0.7170018067626522,0.20645243927566376
454,Oceania,2050,0.7028601456428589,0.20548331747826543
455,Oceania,2051,0.6889974051301607,0.20451874489840838
456,Oceania,2052,0.6754080839821973,0.2035587001813152
457,Oceania,2053,0.662086789459425,0.2026031620724514
458,Oceania,2054,0.649028235185061,0.20165210941705472
459,Oceania,2055,0.6362272390472605,0.2007055211596669
460,Oceania,2056,0.6236787211426655,0.19976337634366734
461,Oceania,2057,0.6113777017605174,0.19882565411080907
462,Oceania,2058,0.5993192994065086,0.1978923337007582
463,Oceania,2059,0.5874987288656531,0.19696339445063216
464,Oceania,2060,0.5759112993033205,0.1960388157945437
465,Oceania,2061,0.5645524124037461,0.19511857726314533
466,Oceania,2062,0.5534175605452508,0.19420265848317597
467,Oceania,2063,0.5425023250114559,0.19329103917701
468,Oceania,2064,0.5318023742377591,0.19238369916220835
469,Oceania,2065,0.5213134620924353,0.19148061835107164
470,Oceania,2066,0.5110314261915999,0.19058177675019541
471,Oceania,2067,0.5009521862474269,0.18968715446002765
472,Oceania,2068,0.49107174244894525,0.188796731674428
473,Oceania,2069,0.48138617387475297,0.18791048868022947
474,Oceania,2070,0.4718916369370738,0.18702840585680192
475,Oceania,2071,0.4625843638564668,0.18615046367561766
476,Oceania,2072,0.45346066116663686,0.1852766426998191
477,Oceania,2073,0.4445169082487327,0.18440692358378857
478,Oceania,2074,0.4357495558945558,0.18354128707271983
479,Oceania,2075,0.4271551248980923,0.18267971400219155
480,Oceania,2076,0.4187302046748557,0.18182218529774438
481,Oceania,2077,0.4104714519084297,0.18096868197445662
482,Oceania,2078,0.40237558922372085,0.18011918513652525
483,Oceania,2079,0.3944394038863795,0.1792736759768473
484,Oceania,2080,0.38665974652785773,0.17843213577660336
485,Oceania,2081,0.3790335298956419,0.17759454590484336
486,Oceania,2082,0.37155772762810646,0.17676088781807386
487,Oceania,2083,0.364229373053546,0.17593114305984775
488,Oceania,2084,0.35704555801289145,0.17510529326035545
489,Oceania,2085,0.35000343170564846,0.1742833201360183
490,Oceania,2086,0.3431001995585857,0.17346520548908384
491,Oceania,2087,0.33633312211676114,0.1726509312072228
492,Oceania,2088,0.32969951395639596,0.17184047926312818
493,Oceania,2089,0.3231967426192027,0.17103383171411612
494,Oceania,2090,0.31682222756772976,0.1702309707017287
495,Oceania,2091,0.31057343916131164,0.16943187845133859
496,Oceania,2092,0.3044478976522065,0.16863653727175537
497,Oceania,2093,0.29844317220155464,0.1678449295548338
498,Oceania,2094,0.2925568799147242,0.16705703777508502
499,Oceania,2095,0.28678668489569314,0.16627284448928684
500,Oceania,2096,0.2811302973200828,0.1654923323360987
501,Oceania,2097,0.27558547252646354,0.16471548403567704
502,Oceania,2098,0.27015001012560313,0.1639422823892928
503,Oceania,2099,0.26482175312726386,0.16317271027895044
504,Oceania,2100,0.2595985870842318,0.16240675066700927
505,South America,2000,1.3082922192725068,0.1651172506035453
506,South America,2001,1.266358996416625,0.1651931218836215
507,South America,2002,1.25828621458411,0.16228798320445337
508,South America,2003,1.2488043454624005,0.16029347535634375
509,South America,2004,1.227145708789803,0.16265307727601525
510,South America,2005,1.1984532054141193,0.16299638384704998
511,South America,2006,1.1772319381286858,0.159902295468526
512,South America,2007,1.1536272472222924,0.15978786925267396
513,South America,2008,1.1311298068734643,0.16241687678442904
514,South America,2009,1.1190154451189018,0.1605272783861345
515,South America,2010,1.109331042092413,0.1629044437649702
516,South America,2011,1.0912458647008043,0.16291372576440866
517,South America,2012,1.1060901620786248,0.165054372156991
518,South America,2013,1.0977246678761605,0.16739299028834997
519,South America,2014,1.1099934280479904,0.1704408014157991
520,South America,2015,1.1136804345678515,0.16927110121786648
521,South America,2016,1.1357491001093962,0.16197142075990123
522,South America,2017,1.1260825132650334,0.15969557438351792
523,South America,2018,1.1211094034638431,0.15400999927986747
524,South America,2019,1.112066869332131,0.15619972028217038
525,South America,2020,1.1079135141896437,0.15206106107973458
526,South America,2021,1.1057199299661382,0.15689048439422418
527,South America,2022,1.0642355666116667,0.15862997730228215
528,South America,2023,1.0567687121170193,0.1583609304688376
529,South America,2024,1.0493542463206935,0.15809233995644797
530,South America,2025,1.041991801654835,0.1578242049911629
531,South America,2026,1.0346810131305015,0.15755652480034468
532,South America,2027,1.027421518319576,0.1572892986126659
533,South America,2028,1.020212957336796,0.15702252565810756
534,South America,2029,1.013054972821919,0.15675620516795663
535,South America,2030,1.0059472099219966,0.15649033637480383
536,South America,2031,0.9988893162737882,0.1562249185125414
537,South America,2032,0.9918809419862976,0.155959950816361
538,South America,2033,0.9849217396234171,0.15569543252275153
539,South America,2034,0.9780113641867103,0.15543136286949683
540,South America,2035,0.971149473098306,0.15516774109567333
541,South America,2036,0.9643357261839215,0.15490456644164827
542,South America,2037,0.9575697856559887,0.15464183814907714
543,South America,2038,0.9508513160969151,0.15437955546090174
544,South America,2039,0.9441799844424524,0.15411771762134774
545,South America,2040,0.937555459965192,0.15385632387592274
546,South America,2041,0.9309774142581585,0.15359537347141405
547,South America,2042,0.9244455212185367,0.15333486565588647
548,South America,2043,0.9179594570315015,0.15307479967867998
549,South America,2044,0.9115189001541718,0.1528151747904079
550,South America,2045,0.9051235312996598,0.15255599024295452
551,South America,2046,0.8987730334212497,0.152297245289473
552,South America,2047,0.8924670916966768,0.15203893918438305
553,South America,2048,0.8862053935125268,0.15178107118336912
554,South America,2049,0.8799876284487284,0.15152364054337797
555,South America,2050,0.8738134882631695,0.15126664652261668
556,South America,2051,0.8676826668764209,0.1510100883805505
557,South America,2052,0.8615948603565531,0.15075396537790045
558,South America,2053,0.8555497669040751,0.15049827677664168
559,South America,2054,0.8495470868369703,0.15024302184000093
560,South America,2055,0.8435865225758458,0.1499881998324547
561,South America,2056,0.8376677786291704,0.14973381001972672
562,South America,2057,0.831790561578633,0.14947985166878636
563,South America,2058,0.8259545800645923,0.14922632404784614
564,South America,2059,0.8201595447716399,0.14897322642635985
565,South America,2060,0.8144051684142477,0.1487205580750201
566,South America,2061,0.8086911657225327,0.14846831826575668
567,South America,2062,0.8030172534281114,0.14821650627173413
568,South America,2063,0.7973831502500628,0.14796512136734985
569,South America,2064,0.7917885768809759,0.14771416282823172
570,South America,2065,0.7862332559731083,0.14746362993123638
571,South America,2066,0.7807169121246343,0.14721352195444687
572,South America,2067,0.7752392718659977,0.1469638381771708
573,South America,2068,0.7698000636463461,0.14671457787993783
574,South America,2069,0.7643990178200734,0.14646574034449816
575,South America,2070,0.7590358666334559,0.1462173248538201
576,South America,2071,0.7537103442113712,0.14596933069208812
577,South America,2072,0.7484221865441218,0.1457217571447006
578,South America,2073,0.7431711314743458,0.14547460349826816
579,South America,2074,0.7379569186840246,0.14522786904061122
580,South America,2075,0.7327792896815702,0.14498155306075824
581,South America,2076,0.7276379877890168,0.14473565484894335
582,South America,2077,0.722532758129292,0.1444901736966046
583,South America,2078,0.7174633476135877,0.14424510889638187
584,South America,2079,0.7124295049288054,0.14400045974211467
585,South America,2080,0.7074309805251026,0.14375622552884018
586,South America,2081,0.7024675266035184,0.14351240555279132
587,South America,2082,0.6975388971036952,0.14326899911139462
588,South America,2083,0.692644847691672,0.14302600550326827
589,South America,2084,0.6877851357477754,0.14278342402821992
590,South America,2085,0.6829595203545964,0.14254125398724488
591,South America,2086,0.6781677622850386,0.14229949468252404
592,South America,2087,0.6734096239904642,0.1420581454174218
593,South America,2088,0.6686848695889155,0.14181720549648413
594,South America,2089,0.663993264853425,0.14157667422543646
595,South America,2090,0.6593345772003977,0.1413365509111818
596,South America,2091,0.6547085756780846,0.14109683486179875
597,South America,2092,0.6501150309551322,0.14085752538653945
598,South America,2093,0.6455537153092171,0.1406186217958274
599,South America,2094,0.6410244026157504,0.14038012340125594
600,South America,2095,0.6365268683366724,0.14014202951558583
601,South America,2096,0.6320608895093185,0.13990433945274353
602,South America,2097,0.627626244735371,0.13966705252781897
603,South America,2098,0.6232227141698764,0.13943016805706387
604,South America,2099,0.6188500795103512,0.13919368535788962
605,South America,2100,0.6145081239859574,0.13895760374886534
